name,caption
00000493.jpg,"When the field is your playground, every moment is a chance to make magic happen! ğŸ‘âœ¨ Face-offs, fierce moves, and pure adrenaline. These players are redefining teamwork and passion with every pass and tackle. Game on! ğŸ’ªğŸ”¥ #FieldHockeyFever #GameFaceOn #ChaseTheGoal"
00000572.JPG,Chasing goals one kick at a time! âš½ï¸ğŸ’ª Nothing beats the thrill of the game and the fresh smell of the field. Ready to give it my all and make every moment count! Let's do this! ğŸ™Œ #GameDayVibes #SoccerLife #KickIt
00000577.jpg,"Chasing dreams and goals, one swift move at a time. ğŸ‘âœ¨ When the game gets intense, the adrenaline kicks in and there's no looking back! Who knew teamwork and strategy could be this exhilarating? Letâ€™s keep the spirit alive and play our hearts out. #FieldHockeyFever #GameOn #ChasingVictory"
00000408.jpg,"Crack of the bat, roar of the crowd, and bases ready for action! Swinging for the fences and living for the thrill of the game âš¾ï¸ğŸ† Who else feels the adrenaline rush? #GameDayVibes #SwingForTheFences #BaseballLife"
00000743.jpg,"When life sets you up with a challenge, just spike it back with all your might! ğŸâœ¨ Can't get enough of the intensity and teamwork on the court. Every serve, block, and spike brings us closer to victory! ğŸš€ğŸ’ª #VolleyballVibes #SpikeLife #TeamworkMakesTheDreamWork"
00000675.jpg,Landing punches and making dreams come true one round at a time! ğŸ¥Šâœ¨ These fighters are serving up some serious action in the ringâ€”talk about a knockout night! Who else feels pumped up just watching this? ğŸ’¥ğŸ™Œ #FightNight #BoxingLife #RingWarrior
00000415.jpg,"Splish splash, weâ€™re having a blast! ğŸŒŠğŸŒ Nothing beats summer days filled with laughter, pool games, and lots of giggles. Dive into the fun with us and make waves of unforgettable memories! ğŸŠâ€â™€ï¸ğŸ’¦ #PoolPartyVibes #SummerFun #SplashingGoodTime"
00000094.jpg,When the game gets intense and youâ€™re about to make that epic layup! ğŸ€âœ¨ Every point counts as you soar past defenders and aim for the win. Keep reaching for those hoops and never stop hustling! #BasketballMagic #GameOn #ChasingHoops
00000704.jpg,"""Swinging into the weekend like a champ! ğŸ¥Š Ready to dodge the drama and deliver knockout vibes only. Who's ready to rumble? Let's put some fight in our Friday! ğŸ’¥ #BoxingLife #ChampMindset #FightNight"""
00000633.jpg,"When you're ready to conquer the court, and nothing gets past this dynamic duo! ğŸ™ŒğŸ‰ Spike, block, and repeat! Ready for the next challenge? ğŸğŸ’ª #VolleyballVibes #GameOn #TeamworkMakesTheDreamWork"
00000642.jpg,"Serving up some serious retro vibes on the court! ğŸ’¥ğŸ¾ Channeling all the power for that perfect swingâ€”because tennis isn't just a game, it's a dance of precision and flair. Who's ready for match point? ğŸ˜‰âœ¨ #ThrowbackTennis #VintageSwag #GameSetMatch"
00000002.jpg,"Serving up some serious style and smashing goals, one swing at a time! ğŸ¾âœ¨ Ready to ace the day and chase those dreams across the court. Who else loves the adrenaline of a good match? Letâ€™s do this! ğŸ’ª #TennisLife #GameSetMatch #SmashIt"
00000228.jpg,"When the game is on the line, every move counts! ğŸ€ Watching these athletes in action is like witnessing an epic showdown of skill and determination. Whether itâ€™s a swift pass or a daring drive, theyâ€™ve got us on the edge of our seats! Let the buzzer-beaters and slam dunks roll! ğŸš€ #BasketballFever #GameOn #HoopsSkills"
00000853.jpg,"Channeling my inner badminton superstar with a side of agility and a sprinkle of sibling rivalry! ğŸ¸âœ¨ When the court is your playground and the game gets real, it's smash time! Who's your doubles partner in crime? ğŸ˜„ #BadmintonBeats #GameOn #SmashSisters"
00000700.jpg,"Splish splash, we're taking a swim class bash! ğŸŠâ€â™€ï¸ğŸ’¦ Who knew learning could be this much fun? From blowing bubbles to kicking up waves, these little fish are making serious waves. Keep swimming, keep smiling, and let's dive into the fun! ğŸŒŠâœ¨ #SwimTime #LittleSwimmers #PoolPartyVibes"
00000663.jpg,"Diving into victory, one epic dig at a time! This is what teamwork and determination look like on the court. Feeling alive with every serve, spike, and block. Letâ€™s keep the winning streak going! ğŸâœ¨ğŸ™Œ #VolleyballVibes #GameOn #TeamSpirit"
00000614.jpg,"When the energy on the court matches the high fives and the smiles are as bright as the victory. Cheers to teamwork, laughter, and those epic volleyball moments that make every set unforgettable! ğŸ™ŒğŸâœ¨ #TeamSpirit #VolleyballVibes #GameOn"
00000472.JPG,"Teamwork makes the dream work! ğŸ‘ğŸ’ª Celebrating every pass, tackle, and goal as we strive for greatness together. Keep pushing, keep hustling, keep shining! ğŸŒŸ #FieldHockeyFam #TeamSpirit #UnstoppableCrew"
00000481.jpg,"When the game gets intense, and you're ready to take flight! ğŸâœ¨ Soaring high and spiking with all the energy and excitement. Nothing beats the thrill of a volleyball showdown. Letâ€™s go team! ğŸ’ªğŸ”¥ #VolleyballVibes #GameTime #SpikeItLikeItsHot"
00000385.jpg,"Chasing dreams and defenders on the field! âš½ï¸ When the stakes are high and the crowd is roaring, every second feels like a chance for magic. Who will come out on top in this exciting face-off? Let's find out! ğŸƒâ€â™‚ï¸ğŸ’¨ #GameOn #SoccerVibes #ChaseTheGoal"
00000661.jpg,"""Champion vibes only! ğŸ¥Šâœ¨ Another unforgettable night in the ring with a belt to prove it. From sweat and grind to glory and shine, we're all about those knockout victories! ğŸ’ª #ChampionMindset #RingRoyalty #FightNight"""
00000046.jpg,"When you and your friend are fighting over who gets the last slice, but you're both secretly just jumping for joy! ğŸ€ğŸ˜‚ Nothing like a little drama on the court to keep things interesting. Game face on, let's do this! #BasketballVibes #AirTime #GameDayFeels"
00000810.jpg,"Smashing it on the court with style and team spirit! ğŸ¸âœ¨ When in doubt, always go for that shuttlecock drop shot. Here's to fast footwork, high-flying fun, and an unforgettable game! #BadmintonBuddies #ShuttleSmash #GameOn"
00000040.jpg,"When the court heats up, every shot is a masterpiece and every block is legendary! Game faces on ğŸ€ğŸ”¥ Living for these intense moments that keep us on the edge of our seats. #HoopsMagic #GameDayVibes #BasketballPassion"
00001481.jpg,"Sunâ€™s out, sticks out! ğŸŒğŸ‘ Nothing like a day on the field with this incredible squad. Every practice makes us stronger, closer, and ready to take on any challenge. Letâ€™s keep the energy high and the goals higher! ğŸ“ˆğŸ’ª #FieldHockeyFun #TeamSpirit #SunshineAndGoals"
00000659.jpg,"When life throws punches, duck, weave, and come back stronger! ğŸ¥Š Nothing like the thrill of the ring under the bright lights. Who's ready for round two? ğŸ¥‡ğŸ’ª #FightNight #BoxingLife #KnockoutVibes"
00000552.jpg,Ace in action! ğŸ¾ When the world is your court and every swing feels like a masterpiece. ğŸ’ªâœ¨ Chasing that winning shot with a blend of power and grace. Letâ€™s make those baseline dreams come true! ğŸ˜„ğŸ™Œ #GameSetMatch #TennisLife #CourtQueen
00000684.jpg,Making a splash with a front-row seat to endless laps! ğŸŠâ€â™‚ï¸ Ready to dive into the day with a big splash of motivation and maybe a bit of a splash zone warning for the brave souls nearby. ğŸŒŠğŸ˜„ Letâ€™s make some waves and then catch some rays! #SwimTime #PoolGoals #SplashZone
00000522.jpg,Serving up some serious power on the court! ğŸâœ¨ Nothing like the thrill of a perfect spike to keep the energy high and the teamwork tight. Who else loves the sound of victory and the smack of the ball? ğŸ…ğŸ™Œ #VolleyballVibes #SpikeItHigh #TeamworkMakesTheDreamWork
00000649.jpg,"Setting the stage for an epic spike! âœ¨ğŸ When the pressureâ€™s on, we rise higher and play harder. Serving up some serious teamwork and making every moment count on the court. ğŸ’ª Letâ€™s ace this match together! ğŸ†

#VolleyballVibes #GameOn #SpikeLife"
00000133.jpg,"When the court becomes your stage and every point feels like the grand finale! ğŸ¾ğŸ”¥ Passion, power, and an unstoppable drive to win. Keep swinging with all your heart and let the cheers fuel your fire! ğŸ’ªâœ¨ #GameSetMatch #TennisVibes #UnleashTheChampion"
00000690.jpg,"Splish splash, making waves and memories! ğŸŠâ€â™‚ï¸ğŸ’¦ These little swimmers are diving into fun with their awesome instructors. Big smiles, high fives, and endless summer vibes! ğŸŒğŸ… #SwimLife #PoolParty #MakingWaves"
00000393.jpg,"When the passion for the game runs through your veins, every goal feels like your own personal championship! âš½ğŸ”¥ Celebrating every moment that makes the hard work worth it. Keep pushing, keep dreaming! ğŸ† #GameOn #SoccerSpirit #VictoryDance"
00000828.jpg,"When the badminton court becomes our runway, and these matching pink jerseys make us feel like champs! ğŸ¸ğŸ’– A little bit of teamwork, a lot of fun, and endless smashes. Bring on the rallies and letâ€™s make some noise! ğŸ‰ #SmashSiblings #PinkPower #BadmintonBliss"
00000156.jpeg,"Dribble, pivot, and slam! ğŸ€ When the game gets intense and the stakes are high, it's all about staying cool under pressure. Two teams, one goalâ€”let's see who conquers the court! ğŸ”¥ #BasketballMagic #GameOn #HoopDreams"
00000607.png,"Swinging for the fences and chasing those home run dreams! âš¾ï¸ Nothing beats the thrill of the crack of the bat and the roar of the crowd. Game on, letâ€™s make some unforgettable memories on the diamond! ğŸŒŸ #BaseballMagic #HomeRunHero #BatterUp ğŸ‰"
00000508.jpg,"When life sets you up for challenges, remember to spike them with all your might! ğŸâœ¨ Blocking out negativity one point at a time. Who else loves the thrill of the game? ğŸ™ŒğŸ”¥ 

#VolleyVibes #GameFaceOn #BlockParty"
00000379.jpg,Catching dreams one fly ball at a time! âš¾ï¸ Ready to make that game-winning play and leave my mark on the field. Letâ€™s do this! #GameDayVibes #BaseballLife #OnTheField
00000694.png,Diving into the deep blue and leaving all worries behind! Every stroke feels like freedom and the splash is my soundtrack. Who else feels completely alive underwater? Let's keep swimming and making waves! ğŸŒŠğŸ’¦ #SwimLife #AquaAdventure #MakingWaves
00000737.jpg,"Swinginâ€™ for the stars and aiming for the fences! ğŸŒŸâš¾ï¸ When the game is on the line, it's go big or go home. Nothing beats the thrill of baseball under the lights! Who else feels the home run vibes? ğŸ™Œ #BaseballLife #HomeRunHero #GameTimeFun"
00000588.jpeg,"Game. Set. Match! ğŸ¾ This court is my kingdom, and I'm feeling like royalty today! Channeling all the power and precision to make every serve count. Let's ace this day like a tennis pro! ğŸ’ªâœ¨ #TennisLife #GameOn #ServeItUp"
00000538.jpg,"When teamwork makes the dream work! ğŸ’ª A spike of energy, a dash of hustle, and a team thatâ€™s got each otherâ€™s backs. Game on, adrenaline high, and ready to conquer the court. Letâ€™s do this! ğŸ™ŒğŸ #VolleyballVibes #TeamSpirit #GameDayExcitement"
00000933.jpg,"Game face on and unstoppable energy! When the shuttlecock flies, the world watches in awe. Here's to smashing expectations and acing the day. ğŸ¾ğŸ’¥ #GameOn #SmashIt #VictoryVibes"
00000067.jpg,When your celebration game is as strong as your goal-scoring skills! âš½ï¸ğŸ”¥ Channeling those championship vibes and feeling unstoppable. Let the cheers keep coming! ğŸ™ŒğŸ’ª #GoalGetter #VictoryDance #SoccerMagic
00000454.jpg,"Ready to conquer the field, one goal at a time! ğŸŒŸ Nothing beats the thrill of teamwork, friendship, and a little bit of friendly competition. Hockey family for life! ğŸ‘â¤ï¸ #TeamSpirit #HockeySquad #GameDayGoals"
00000439.jpg,"Game, set, match! ğŸ¾ When your racquet and determination both come out swinging, nothing can stop you. Channeling those championship vibes and loving every moment of the action on the court! Who else is ready to ace their day? ğŸ’ªğŸ˜„ #TennisPro #GameOn #AceIt"
00000519.jpg,Sliding into victory like it's just another day at the office! âš½ï¸ When youâ€™re having fun and making it look easy. Who knew scoring goals could have such style? ğŸ¤©âœ¨ #GameChanger #SkillsOnPoint #FootyMagic
00000563.jpg,"Splish splash, summer fun in full swing! ğŸ˜„â˜€ï¸ These little adventurers are making waves and soaking in every sunbeam. Who's up for a pool party dive-off? ğŸŒŠğŸ’¦ #PoolSideAdventures #SummerSplash #HappyDays"
00000389.jpg,"When the squadâ€™s got your back, every set becomes epic! Teamwork makes the dream work, and laughter along the way makes it unforgettable. ğŸâœ¨ #SquadGoals #VolleyballVibes #TeamSpirit"
00000344.jpg,"Serving fierce looks and fierce tennis! ğŸ¾âœ¨ When your game is as strong as your style, every match becomes a runway. Confidence, power, and a dash of elegance on the court. Who said you can't slay and play? ğŸ’ªğŸ’ƒ #GameSetMatch #TennisStyle #AceIt"
00000759.jpg,"Ready to kick it into high gear with this amazing team! âš½ï¸ The energy is electric, the camaraderie is unbeatable, and the game is on! Letâ€™s show everyone what teamwork looks like. Bring on the cheers and the goals! ğŸ™ŒğŸ‡¨ğŸ‡¦ #TeamSpirit #SoccerSquad #GameDayMagic"
00000263.jpg,"Swinging for the stars and aiming for home runs! âš¾ï¸ğŸ”¥ When the game heats up, so do the Reds! Letâ€™s cheer on our favorite team as they throw down the ultimate pitch. Who else is ready for some heart-pounding moments on the field? ğŸ™ŒğŸ’¥ #BaseballVibes #GoReds #PitchPerfect"
00000615.jpg,"Dive into the weekend like this little splash superstar! ğŸŒŠğŸ  Babyâ€™s first swim lesson and theyâ€™re already giving Michael Phelps a run for his money! ğŸŠâ€â™‚ï¸ Just keep swimming, just keep swimming... #BabySwimmer #CutestLittleFish #MakingWaves"
00000347.JPG,"""When you hit the field and your only speed is âš¡ï¸GOâš¡ï¸! Channeling those hometown hero vibes, sliding into home like it's no big deal. Who else is ready for a grand slam day? Batter up, letâ€™s make some noise! ğŸğŸ”¥ #GameDayVibes #HomeRunHero #BaseballMagic"""
00000699.jpg,"Victory never looked this good! ğŸ¥ŠğŸ’¥ After stepping into the ring and giving it everything, this champ is taking home more than just a winâ€”it's a knockout celebration of courage, strength, and sheer determination. Hereâ€™s to the sweet taste of triumph and the roar of the crowd! Keep punching your way to greatness! ğŸ‘Šâœ¨ #ChampionMode #KnockoutVictory #Unstoppable"
00000843.jpg,"Smash goals, not just shuttlecocks! ğŸ¸âœ¨ This game is all about agility, precision, and a dash of fun. Who's up for a round? Let's serve some excitement and keep the energy soaring! ğŸ’¥ğŸ‰ #BadmintonFun #CourtLife #GameOn"
00000672.jpg,Kicking goals and stealing hearts! âš½ï¸ğŸ’• There's nothing like the thrill of a great match with an incredible team. Feeling the energy and celebrating every moment on the field. Whoâ€™s ready for the next game? ğŸ™Œ #TeamSpirit #SoccerVibes #GameTimeFun
00000562.jpg,Chasing dreams one goal at a time! âš½ï¸âœ¨ This squad knows how to bring the heat on the field! Who's ready for some epic footie action? Let's kick it up a notch and make those cheers echo! ğŸ™ŒğŸ”¥ #GameDayGoals #SoccerStars #WinningStride
00000056.jpg,When the court is your kingdom and every play is epic! ğŸ€ğŸ” Witnessing pure magic moment by moment as these athletes fly high and push limits. That shot? Nothing but net! ğŸ¯âœ¨ #BasketballDreams #HoopsMagic #GameOn
00000543.jpg,Swinging for the fences and channeling my inner baseball superstar! âš¾ï¸âœ¨ Nothing feels better than the crack of the bat and the roar of the crowd. Let's make every pitch count and every game memorable! #HomeRunVibes #GameDayGoals #BaseballLife ğŸŸï¸ğŸ‰
00000097.jpg,"When the court heats up and the gameâ€™s on fire, thereâ€™s nothing like a killer jumpshot to seal the deal! ğŸ€ğŸ”¥ All eyes on the hoop as the crowd waits in anticipation. Can you feel the adrenaline? Letâ€™s go, team! #GameTime #HoopsHype #CollegeBasketball"
00000518.jpg,Channeling some serious vintage tennis vibes! ğŸ¾âœ¨ This retro swing is straight from a time when epic hairstyles and bold moves ruled the court. Serving up a slice of nostalgia with a side of fierce determination. Who else is inspired to hit the courts and rock some old-school flair? ğŸŒŸ #ThrowbackTennis #VintageVibes #GameSetMatch
00000581.jpg,"Feel the adrenaline as the team comes together for an epic celebration! âš½ï¸ğŸ”¥ When teamwork makes the dream work, the excitement is uncontainable. Let's keep the energy high and the goals even higher! ğŸ™ŒğŸ’ª #TeamSpirit #GoalFest #VictoryDance"
00000658.JPG,"Volleyball isn't just about spikes and serves; it's about the unbreakable bond with your teammates, celebrating victories and learning from losses together. Through every match, weâ€™ve got each otherâ€™s backs, ready to lift one another up. Here's to the heartfelt hugs and the friendships that keep us going strong! ğŸâ¤ï¸ #VolleyLove #TeamSpirit #StrongerTogether"
00000489.jpg,"Celebrating victory like champions! Nothing beats the thrill of teamwork, laughter, and a little sunshine. Here's to more unforgettable moments on the field with this amazing squad! Who's ready for the next game? ğŸ‘ğŸ‰ #TeamSpirit #FieldHockey #SquadGoals"
00000310.jpg,"Making waves and taking names! ğŸŠâ€â™‚ï¸ğŸ’¦ When life gets tough, remember that you're just one stroke away from greatness. Dive into the challenge and let your passion keep you afloat. #SwimLife #MakingWaves #ChaseYourDreams"
00000706.jpg,"Game face: ON! ğŸ˜¤ğŸ Nothing beats the thrill of digging deep, spiking hard, and celebrating every point with my awesome squad! These moments on the court are what we live forâ€”team spirit, hard work, and epic rallies that keep us on our toes. Let's keep this energy going! ğŸ™Œâœ¨ #VolleyballVibes #TeamworkMakesTheDreamWork #SpikeItLikeItsHot"
00000816.jpg,"When life sends a shuttle your way, smash it with everything youâ€™ve got! ğŸ¸âœ¨ Bringing power, precision, and passion to the court, one epic shot at a time. Whoâ€™s ready for some badminton magic? ğŸ’¥ #BadmintonLife #SmashGoals #GameOn"
00000460.jpg,"Bump, set, spike, repeat! ğŸ Watching these guys play volleyball is as exciting as it gets. Who needs a beach when you have this much indoor action? Whether you're team red or team blue, it's the perfect day to serve up some fun and friendship! #VolleyballVibes #GameOn #SpikeIt"
00000685.jpg,"When teamwork meets heart, every spike and set becomes a moment to remember! ğŸ’ªğŸ Watch us rise, shine, and dive for victory! Letâ€™s turn those court dreams into reality. #GameDayVibes #VolleyballSquad #SpikeLife"
00000671.jpg,"When you show up for a belt, but they give you the whole collection! ğŸ†ğŸ¥Š Nothing like a champion's smile and the weight of victory on your shoulders. Whoâ€™s ready to step into the ring next? ğŸ’ª #ChampLife #BeltCollector #FightNightVictory"
00000557.jpg,"When the game is on the line and every second counts, our goalie shows up like a superhero in cleats! ğŸ¦¸â€â™€ï¸âš½ï¸ Saving the day with style, sweat, and a little bit of mud. Nothing gets past this squad! ğŸ’ªğŸ’¥ #GoalieGoals #SoccerLife #EpicSave"
00000466.jpg,"Gliding through the field with the power of teamwork and precision! ğŸ‘âœ¨ Watching these players hustle and dribble, turning every play into a masterpiece on the blue turf. Nothing like the energy of hockey to get the adrenaline pumping! Let's keep the spirit high and the goals higher! ğŸ’ªğŸ”¥ #FieldHockeyMagic #GameOn #TeamSpirit"
0001000.jpg,"Victory smiles and team spirit vibes! ğŸ‰ These fierce athletes show us how teamwork and determination light up the field. Hereâ€™s to every goal, every cheer, and every moment of glory! ğŸ‘âœ¨ #TeamSpirit #HockeyHeroes #VictoryDance"
00000455.jpg,"When you perfectly execute the ""Matrix"" move in the middle of a basketball game! ğŸ€ Defying gravity and expectations, because why not make it look like a dance party? âœ¨ Sometimes the court is your stage and you're ready to put on a show! ğŸ˜‚ #BasketballMagic #DefyingGravity #HoopsAndHops"
00000610.jpg,"Swinging for the stars and serving up some serious tennis magic! ğŸŒŸ When the court becomes your canvas, every shot is a masterpiece. Time to chase those aces and smash expectations! ğŸ¾ğŸ’ª #TennisVibes #GameSetMatch #AceTheDay"
00000397.jpg,"Chasing dreams and the ball at full speed! âš¡ï¸ When the game heats up, there's no slowing down! Who's ready for the next epic match? ğŸ™Œâš½ï¸ #GameOn #ChaseYourDreams #SoccerLife"
00000583.jpg,Chasing dreams and kicking goals on the field! âš½ï¸ğŸŒŸ Nothing feels better than the thrill of the game and the roar of the crowd. Let's make every match unforgettable! #GameOn #SoccerStar #FieldGoals
00000691.jpg,"In the ring, where every punch tells a story and every round is a new chapter! ğŸ¥Š The intensity, the grit, the gloryâ€”nothing compares to this electrifying dance of strength and strategy! Who else is feeling the adrenaline? ğŸ¥Šâœ¨ #BoxingLife #InTheRing #FightNightGlow"
00000368.jpg,"Splish splash, we're making waves and having a blast! ğŸŒŠğŸ’¦ Aqua aerobics never felt so refreshing and fun. Dive in, the waterâ€™s fine, and the companyâ€™s even better! Here's to staying fit and fabulousâ€”one splash at a time. #AquaFun #MakingWaves #FitnessGoals"
00000860.jpg,"When life gives you shuttles, smash them with style! Keeping my eye on the birdie and my game on point. ğŸ¸âœ¨ #BadmintonBliss #ShuttleShowdown #GameFaceOn"
00000586.jpg,Celebrating teamwork and camaraderie with the best in the game! ğŸŒŸğŸ‘ These players know how to shine both on and off the field. Here's to more victories and unforgettable moments! ğŸ’ªğŸ‰ #HockeyHeroes #TeamSpirit #GameOn
00000424.jpg,"When life throws you a curveball, just channel your inner pitcher and hit it out of the park! âš¾ï¸ Crushing it one pitch at a time with focus, finesse, and a touch of flair. Letâ€™s play ball! #PitchPerfect #BaseballVibes #GameDayFun"
00000723.jpeg,"Floating like a butterfly, stinging like Monday morning! ğŸ¥Š Ready to punch through challenges and dance around obstacles. Who else feels like a champion today? Letâ€™s keep the punches rolling and the good vibes flowing! ğŸ’ªâœ¨ #FightMode #ChampionVibes #PunchThrough"
00000724.jpg,Stepping into the ring like a champ and stepping out with a victory belt! ğŸ¥Š Nothing beats the thrill of a hard-won match under the bright lights. Ready to take on the next challenge and keep the punches coming. Whoâ€™s got the popcorn for the next round? ğŸ†ğŸ”¥ #BoxingChampion #VictoryDance #GlovesUp
00000290.jpg,"When life serves you challenges, channel your inner tennis pro and smash them back with style! ğŸ¾ğŸ’ª The thrill of the match, the intensity of the game, and pure focus right here! Who else feels energized just watching this? Letâ€™s rally! #GameSetMatch #TennisVibes #ActionShot "
00000434.jpg,Sliding into home like a pro! Nothing beats the thrill of crossing that plate and hearing the crowd roar. Baseball days are the best days! âš¾ï¸ğŸ‰ #HomeRunFun #BaseballMagic #GameDayVibes
00000109.jpg,"When the synergy is on point, and the energy levels are off the charts! ğŸ™ŒğŸ”¥ Nothing but good vibes and epic plays on the court. Who else loves that feeling when the team clicks just right? Let's keep the momentum going! ğŸ€âœ¨ #TeamworkMakesTheDreamWork #BasketballVibes #VictoryDance"
00000068.jpg,"Charging down the pitch like a boss! ğŸ’¥âš½ï¸ When the game heats up, it's all about speed, skill, and keeping those eyes on the prize. Who's ready for some football fever? ğŸ™Œ #FootballMagic #GameOn #RedDevilPride"
00000682.jpg,"After an epic night in the ring, feeling like a champ! ğŸ¥Š Ready for the next round and more challenges ahead. Letâ€™s keep the energy high, the punches flowing, and remember to always keep your guard up both in the ring and in life. ğŸ’ª #ChampionsMindset #FightNight #KnockoutVibes"
00000490.jpg,Slam dunk alert! ğŸš€ When youâ€™re reaching for the stars but realize the hoop is way cooler. ğŸ€ Bringing the heat on the court and defying gravity one basket at a time! #SlamDunk #BasketballMagic #HoopDreams
00000952.jpg,"Flying high on the badminton court, where every smash and serve feels like magic!ğŸ¸âœ¨ Chasing those shuttlecock dreams and aiming for the stars. Who else is ready to play all day? Let's rally! ğŸ’ªğŸ˜„ #BadmintonLove #GameOn #ShuttleSmash "
00000345.jpg,"When it's game time, the court becomes an epic battlefield! ğŸ’ªğŸ€ Spartans vs. Huskers, and every dribble counts! Who's got the skills to take it to the hoop? Let's hope someone remembered their lucky socks! ğŸ˜† #BasketballShowdown #GameOn #SportsVibes"
00000364.jpg,"Diving into the day with a splash of determination and whole lotta style! Water, you better watch out because I'm on a mission to make waves. Let's see how many laps it takes to reach the stars! ğŸ’¦ğŸŠâ€â™‚ï¸ #SwimmingGoals #MakingWaves #PoolDayVibes"
00000701.jpg,"When life gives you challenges, kick them right in the face! ğŸš€ Throwing high kicks and high spirits into the ring, because it's not just about winning, it's about kicking butt and having fun doing it! ğŸ¥‹ğŸ‘Š #KickinIt #MartialArtsMadness #FightNightFever"
00000602.jpg,"Chasing dreams and tennis balls with a fierce backhand and an unstoppable spirit! ğŸ¾ğŸ’ª Always aiming for the ace, both on and off the court. Let's keep smashing those goals! ğŸš€ 

#GameSetMatch #TennisLife #AceIt"
00000801.jpg,"Channeling his inner soccer wizard on the field! âš½âœ¨ When the game heats up and the crowd goes wild, every move feels like magic. Ready to score another unforgettable moment? Letâ€™s go, team! ğŸ™Œ #GameDayVibes #SoccerMagic #TeamSpirit"
00000435.jpg,"Throwing heat and living the dream on the mound! âš¾ï¸ When you love what you do, every pitch is a masterpiece. Who else is ready for some ballpark adventures? Let's play ball! ğŸŒŸğŸ”¥ #BaseballLife #PitchPerfect #GameDayVibes"
